Company Code,Contract,Legal Agreement Type,Notice Procedure Name,Fixed End Date
1010,1100073300,STA,Starter Period Weekly Frequency Notice Rule,
1010,1100074733,ASS,Assured/Secure/SST - Weekly Frequency Notice Rule,
1010,1100074913,ASS,Assured/Secure/SST - Weekly Frequency Notice Rule,
1010,1100075001,ASS,Assured/Secure/SST - Weekly Frequency Notice Rule,
1010,1100075002,STA,Starter Period Weekly Frequency Notice Rule,
1010,1100075008,ASS,Assured/Secure/SST - Weekly Frequency Notice Rule,
1010,1100075020,ASS,Assured/Secure/SST - Weekly Frequency Notice Rule,
1010,1100075028,ASS,Assured/Secure/SST - Weekly Frequency Notice Rule,
1010,1100075032,STA,Starter Period Weekly Frequency Notice Rule,
1010,1100075051,STA,Starter Period Weekly Frequency Notice Rule,
1010,1100075056,STA,Starter Period Weekly Frequency Notice Rule,
1010,1100075063,STA,Starter Period Weekly Frequency Notice Rule,
1010,1100075064,STA,Starter Period Weekly Frequency Notice Rule,
1010,1100075065,STA,Starter Period Weekly Frequency Notice Rule,
1010,1100075079,ASS,Assured/Secure/SST - Weekly Frequency Notice Rule,
1010,1100075080,ASS,Assured/Secure/SST - Weekly Frequency Notice Rule,
1010,1100075081,STA,Starter Period Weekly Frequency Notice Rule,
1010,1100075082,STA,Starter Period Weekly Frequency Notice Rule,
1010,1100075083,STA,Starter Period Weekly Frequency Notice Rule,
1010,1100075084,ASS,Assured/Secure/SST - Weekly Frequency Notice Rule,
1010,1100075085,ASS,Assured/Secure/SST - Weekly Frequency Notice Rule,
1010,1100075086,STA,Starter Period Weekly Frequency Notice Rule,
1010,1100075087,STA,Starter Period Weekly Frequency Notice Rule,
1010,1100075088,ASS,Assured/Secure/SST - Weekly Frequency Notice Rule,
1010,1100075089,ASS,Assured/Secure/SST - Weekly Frequency Notice Rule,
1010,1100075090,ASS,Assured/Secure/SST - Weekly Frequency Notice Rule,
1010,1100075091,ASS,Assured/Secure/SST - Weekly Frequency Notice Rule,
1010,1100075092,ASS,Assured/Secure/SST - Weekly Frequency Notice Rule,
1010,1100075094,STA,Starter Period Weekly Frequency Notice Rule,
1010,1100075095,ASS,Assured/Secure/SST - Weekly Frequency Notice Rule,
1010,1100075098,STA,Starter Period Weekly Frequency Notice Rule,
1010,1100075099,STA,Starter Period Weekly Frequency Notice Rule,
1010,1100075100,ASS,Assured/Secure/SST - Weekly Frequency Notice Rule,
1010,1100075101,STA,Starter Period Weekly Frequency Notice Rule,
1010,1100075102,ASS,Assured/Secure/SST - Weekly Frequency Notice Rule,
1010,1100075103,STA,Starter Period Weekly Frequency Notice Rule,
1010,1100075104,ASS,Assured/Secure/SST - Weekly Frequency Notice Rule,
1010,1100075105,STA,Starter Period Weekly Frequency Notice Rule,
1010,1100075107,STA,Starter Period Weekly Frequency Notice Rule,
1010,1100075108,ASS,Assured/Secure/SST - Weekly Frequency Notice Rule,
1010,1100075109,STA,Starter Period Weekly Frequency Notice Rule,
1010,1100075110,STA,Starter Period Weekly Frequency Notice Rule,
1010,1100075111,ASS,Assured/Secure/SST - Weekly Frequency Notice Rule,
1010,1100075112,ASS,Assured/Secure/SST - Weekly Frequency Notice Rule,
1010,1100075113,STA,Starter Period Weekly Frequency Notice Rule,
1010,1100075114,ASS,Assured/Secure/SST - Weekly Frequency Notice Rule,
1010,1100075115,ASS,Assured/Secure/SST - Weekly Frequency Notice Rule,
1010,1100075116,ASS,Assured/Secure/SST - Weekly Frequency Notice Rule,
1010,1100075118,ASS,Assured/Secure/SST - Weekly Frequency Notice Rule,
1010,1100075119,STA,Starter Period Weekly Frequency Notice Rule,
1010,1100075120,ASS,Assured/Secure/SST - Weekly Frequency Notice Rule,
1010,1100075121,STA,Starter Period Weekly Frequency Notice Rule,
1010,1100075122,ASS,Assured/Secure/SST - Weekly Frequency Notice Rule,
1010,1100075123,ASS,Assured/Secure/SST - Weekly Frequency Notice Rule,
1010,1100075124,STA,Starter Period Weekly Frequency Notice Rule,
1010,1100075126,STA,Starter Period Weekly Frequency Notice Rule,
1010,1100075127,STA,Starter Period Weekly Frequency Notice Rule,
1010,1100075128,ASS,Assured/Secure/SST - Weekly Frequency Notice Rule,
1010,1100075129,STA,Starter Period Weekly Frequency Notice Rule,
1010,1100075130,ASS,Assured/Secure/SST - Weekly Frequency Notice Rule,
1010,1100075131,ASS,Assured/Secure/SST - Weekly Frequency Notice Rule,
1010,1100075132,ASS,Assured/Secure/SST - Weekly Frequency Notice Rule,
1010,1100075133,ASS,Assured/Secure/SST - Weekly Frequency Notice Rule,
1010,1100075134,STA,Starter Period Weekly Frequency Notice Rule,
1010,1100075136,ASS,Assured/Secure/SST - Weekly Frequency Notice Rule,
1010,1100075137,STA,Starter Period Weekly Frequency Notice Rule,
1010,1100075138,STA,Starter Period Weekly Frequency Notice Rule,
1010,1100075139,STA,Starter Period Weekly Frequency Notice Rule,
1010,1100075140,STA,Starter Period Weekly Frequency Notice Rule,
1010,1100075141,STA,Starter Period Weekly Frequency Notice Rule,
1010,1100075142,ASS,Assured/Secure/SST - Weekly Frequency Notice Rule,
1010,1100075143,ASS,Assured/Secure/SST - Weekly Frequency Notice Rule,
1010,1100075144,STA,Starter Period Weekly Frequency Notice Rule,
1010,1100075145,STA,Starter Period Weekly Frequency Notice Rule,
1010,1100075146,ASS,Assured/Secure/SST - Weekly Frequency Notice Rule,
1010,1100075147,ASS,Assured/Secure/SST - Weekly Frequency Notice Rule,
1010,1100075148,STA,Starter Period Weekly Frequency Notice Rule,
1010,1100075149,STA,Starter Period Weekly Frequency Notice Rule,
1010,1100075150,ASS,Assured/Secure/SST - Weekly Frequency Notice Rule,
1010,1100075151,ASS,Assured/Secure/SST - Weekly Frequency Notice Rule,
1010,1100075152,STA,Starter Period Weekly Frequency Notice Rule,
1010,1100075153,STA,Starter Period Weekly Frequency Notice Rule,
1010,1100075154,ASS,Assured/Secure/SST - Weekly Frequency Notice Rule,
1010,1100075155,STA,Starter Period Weekly Frequency Notice Rule,
1010,1100075156,STA,Starter Period Weekly Frequency Notice Rule,
1010,1100075157,STA,Starter Period Weekly Frequency Notice Rule,
1010,1100075158,ASS,Assured/Secure/SST - Weekly Frequency Notice Rule,
1010,1100075159,ASS,Assured/Secure/SST - Weekly Frequency Notice Rule,
1010,1100075161,ASS,Assured/Secure/SST - Weekly Frequency Notice Rule,
1010,1100075162,ASS,Assured/Secure/SST - Weekly Frequency Notice Rule,
1010,1100075164,ASS,Assured/Secure/SST - Weekly Frequency Notice Rule,
1010,1100075165,ASS,Assured/Secure/SST - Weekly Frequency Notice Rule,
1010,1100075166,STA,Starter Period Weekly Frequency Notice Rule,
1010,1100075167,ASS,Assured/Secure/SST - Weekly Frequency Notice Rule,
1010,1100075168,ASS,Assured/Secure/SST - Weekly Frequency Notice Rule,
1010,1100075169,ASS,Assured/Secure/SST - Weekly Frequency Notice Rule,
1010,1100075170,STA,Starter Period Weekly Frequency Notice Rule,
1010,1100075171,ASS,Assured/Secure/SST - Weekly Frequency Notice Rule,
1010,1100075173,ASS,Assured/Secure/SST - Weekly Frequency Notice Rule,
1010,1100075174,ASS,Assured/Secure/SST - Weekly Frequency Notice Rule,
1010,1100075175,STA,Starter Period Weekly Frequency Notice Rule,
1010,1100075176,STA,Starter Period Weekly Frequency Notice Rule,
1010,1100075177,ASS,Assured/Secure/SST - Weekly Frequency Notice Rule,
1010,1100075178,ASS,Assured/Secure/SST - Weekly Frequency Notice Rule,
1010,1100075179,STA,Starter Period Weekly Frequency Notice Rule,
1010,1100075180,STA,Starter Period Weekly Frequency Notice Rule,
1010,1100075181,STA,Starter Period Weekly Frequency Notice Rule,
1010,1100075182,STA,Starter Period Weekly Frequency Notice Rule,
1010,1100075183,STA,Starter Period Weekly Frequency Notice Rule,
1010,1100075184,STA,Starter Period Weekly Frequency Notice Rule,
1010,1100075185,ASS,Assured/Secure/SST - Weekly Frequency Notice Rule,
1010,1100075187,ASS,Assured/Secure/SST - Weekly Frequency Notice Rule,
1010,1100075188,STA,Starter Period Weekly Frequency Notice Rule,
1010,1100075189,STA,Starter Period Weekly Frequency Notice Rule,
1010,1100075190,ASS,Assured/Secure/SST - Weekly Frequency Notice Rule,
1010,1100075191,ASS,Assured/Secure/SST - Weekly Frequency Notice Rule,
1010,1100075192,STA,Starter Period Weekly Frequency Notice Rule,
1010,1100075193,ASS,Assured/Secure/SST - Weekly Frequency Notice Rule,
1010,1100075194,ASS,Assured/Secure/SST - Weekly Frequency Notice Rule,
1010,1100075195,STA,Starter Period Weekly Frequency Notice Rule,
1010,1100075196,ASS,Assured/Secure/SST - Weekly Frequency Notice Rule,
1010,1100075199,STA,Starter Period Weekly Frequency Notice Rule,
1010,1100075201,ASS,Assured/Secure/SST - Weekly Frequency Notice Rule,
1010,1100075202,ASS,Assured/Secure/SST - Weekly Frequency Notice Rule,
1010,1100075203,STA,Starter Period Weekly Frequency Notice Rule,
1010,1100075204,STA,Starter Period Weekly Frequency Notice Rule,
1010,1100075205,STA,Starter Period Weekly Frequency Notice Rule,
1010,1100075206,STA,Starter Period Weekly Frequency Notice Rule,
1010,1100075207,ASS,Assured/Secure/SST - Weekly Frequency Notice Rule,
1010,1100075208,STA,Starter Period Weekly Frequency Notice Rule,
1010,1100075209,ASS,Assured/Secure/SST - Weekly Frequency Notice Rule,
1010,1100075210,ASS,Assured/Secure/SST - Weekly Frequency Notice Rule,
1010,1100075211,STA,Starter Period Weekly Frequency Notice Rule,
1010,1100075212,ASS,Assured/Secure/SST - Weekly Frequency Notice Rule,
1010,1100075214,STA,Starter Period Weekly Frequency Notice Rule,
1010,1100075216,STA,Starter Period Weekly Frequency Notice Rule,
1010,1100075218,ASS,Assured/Secure/SST - Weekly Frequency Notice Rule,
1010,1100075221,STA,Starter Period Weekly Frequency Notice Rule,
1010,1100075222,ASS,Assured/Secure/SST - Weekly Frequency Notice Rule,
1010,1100075223,STA,Starter Period Weekly Frequency Notice Rule,
1010,1100075224,STA,Starter Period Weekly Frequency Notice Rule,
1010,1100075226,STA,Starter Period Weekly Frequency Notice Rule,
1010,1100075227,ASS,Assured/Secure/SST - Weekly Frequency Notice Rule,
1010,1100075228,STA,Starter Period Weekly Frequency Notice Rule,
1010,1100075229,STA,Starter Period Weekly Frequency Notice Rule,
1010,1100075230,STA,Starter Period Weekly Frequency Notice Rule,
1010,1100075232,STA,Starter Period Weekly Frequency Notice Rule,
1010,1100075233,STA,Starter Period Weekly Frequency Notice Rule,
1010,1100075234,STA,Starter Period Weekly Frequency Notice Rule,
1010,1100075236,ASS,Assured/Secure/SST - Weekly Frequency Notice Rule,
1010,1100075237,STA,Starter Period Weekly Frequency Notice Rule,
1010,1100075239,ASS,Assured/Secure/SST - Weekly Frequency Notice Rule,
1010,1100075240,ASS,Assured/Secure/SST - Weekly Frequency Notice Rule,
1010,1100075242,ASS,Assured/Secure/SST - Weekly Frequency Notice Rule,
1010,1100075243,ASS,Assured/Secure/SST - Weekly Frequency Notice Rule,
1010,1100075244,STA,Starter Period Weekly Frequency Notice Rule,
1010,1100075245,STA,Starter Period Weekly Frequency Notice Rule,
1010,1100075246,STA,Starter Period Weekly Frequency Notice Rule,
1010,1100075247,STA,Starter Period Weekly Frequency Notice Rule,
1010,1100075248,ASS,Assured/Secure/SST - Weekly Frequency Notice Rule,
1010,1100075249,ASS,Assured/Secure/SST - Weekly Frequency Notice Rule,
1010,1100075250,ASS,Assured/Secure/SST - Weekly Frequency Notice Rule,
1010,1100075251,ASS,Assured/Secure/SST - Weekly Frequency Notice Rule,
1010,1100075252,STA,Starter Period Weekly Frequency Notice Rule,
1010,1100075253,STA,Starter Period Weekly Frequency Notice Rule,
1010,1100075254,STA,Starter Period Weekly Frequency Notice Rule,
1010,1100075255,ASS,Assured/Secure/SST - Weekly Frequency Notice Rule,
1010,1100075256,STA,Starter Period Weekly Frequency Notice Rule,
1010,1100075257,ASS,Assured/Secure/SST - Weekly Frequency Notice Rule,
1010,1100075258,ASS,Assured/Secure/SST - Weekly Frequency Notice Rule,
1010,1100075261,ASS,Assured/Secure/SST - Weekly Frequency Notice Rule,
1010,1100075262,STA,Starter Period Weekly Frequency Notice Rule,
1010,1100075263,STA,Starter Period Weekly Frequency Notice Rule,
1010,1100075267,STA,Starter Period Weekly Frequency Notice Rule,
1010,1100075268,ASS,Assured/Secure/SST - Weekly Frequency Notice Rule,
1010,1100075269,ASS,Assured/Secure/SST - Weekly Frequency Notice Rule,
1010,1100075270,STA,Starter Period Weekly Frequency Notice Rule,
1010,1100075271,STA,Starter Period Weekly Frequency Notice Rule,
1010,1100075272,ASS,Assured/Secure/SST - Weekly Frequency Notice Rule,
1010,1100075273,STA,Starter Period Weekly Frequency Notice Rule,
1010,1100075275,ASS,Assured/Secure/SST - Weekly Frequency Notice Rule,
1010,1100075276,ASS,Assured/Secure/SST - Weekly Frequency Notice Rule,
1010,1100075278,STA,Starter Period Weekly Frequency Notice Rule,
1010,1100075280,STA,Starter Period Weekly Frequency Notice Rule,
1010,1100075281,ASS,Assured/Secure/SST - Weekly Frequency Notice Rule,
1010,1100075282,STA,Starter Period Weekly Frequency Notice Rule,
1010,1100075284,ASS,Assured/Secure/SST - Weekly Frequency Notice Rule,
1010,1100075285,ASS,Assured/Secure/SST - Weekly Frequency Notice Rule,
1010,1100075286,STA,Starter Period Weekly Frequency Notice Rule,
1010,1100075287,STA,Starter Period Weekly Frequency Notice Rule,
1010,1100075288,ASS,Assured/Secure/SST - Weekly Frequency Notice Rule,
1010,1100075289,ASS,Assured/Secure/SST - Weekly Frequency Notice Rule,
1010,1100075290,ASS,Assured/Secure/SST - Weekly Frequency Notice Rule,
1010,1100075291,ASS,Assured/Secure/SST - Weekly Frequency Notice Rule,
1010,1100075293,STA,Starter Period Weekly Frequency Notice Rule,
1010,1100075294,STA,Starter Period Weekly Frequency Notice Rule,
1010,1100075295,STA,Starter Period Weekly Frequency Notice Rule,
1010,1100075296,ASS,Assured/Secure/SST - Weekly Frequency Notice Rule,
1010,1100075297,STA,Starter Period Weekly Frequency Notice Rule,
1010,1100075298,STA,Starter Period Weekly Frequency Notice Rule,
1010,1100075299,ASS,Assured/Secure/SST - Weekly Frequency Notice Rule,
1010,1100075300,STA,Starter Period Weekly Frequency Notice Rule,
1010,1100075301,ASS,Assured/Secure/SST - Weekly Frequency Notice Rule,
1010,1100075303,ASS,Assured/Secure/SST - Weekly Frequency Notice Rule,
1010,1100075304,ASS,Assured/Secure/SST - Weekly Frequency Notice Rule,
1010,1100075305,ASS,Assured/Secure/SST - Weekly Frequency Notice Rule,
1010,1100075306,ASS,Assured/Secure/SST - Weekly Frequency Notice Rule,
1010,1100075307,ASS,Assured/Secure/SST - Weekly Frequency Notice Rule,
1010,1100075308,STA,Starter Period Weekly Frequency Notice Rule,
1010,1100075310,STA,Starter Period Weekly Frequency Notice Rule,
1010,1100075312,STA,Starter Period Weekly Frequency Notice Rule,
1010,1100075314,STA,Starter Period Weekly Frequency Notice Rule,
1010,1100075315,STA,Starter Period Weekly Frequency Notice Rule,
1010,1100075316,ASS,Assured/Secure/SST - Weekly Frequency Notice Rule,
1010,1100075317,STA,Starter Period Weekly Frequency Notice Rule,
1010,1100075318,STA,Starter Period Weekly Frequency Notice Rule,
1010,1100075319,ASS,Assured/Secure/SST - Weekly Frequency Notice Rule,
1010,1100075320,ASS,Assured/Secure/SST - Weekly Frequency Notice Rule,
1010,1100075321,STA,Starter Period Weekly Frequency Notice Rule,
1010,1100075322,ASS,Assured/Secure/SST - Weekly Frequency Notice Rule,
1010,1100075323,ASS,Assured/Secure/SST - Weekly Frequency Notice Rule,
1010,1100075324,STA,Starter Period Weekly Frequency Notice Rule,
1010,1100075325,ASS,Assured/Secure/SST - Weekly Frequency Notice Rule,
1010,1100075326,STA,Starter Period Weekly Frequency Notice Rule,
1010,1100075327,STA,Starter Period Weekly Frequency Notice Rule,
1010,1100075328,ASS,Assured/Secure/SST - Weekly Frequency Notice Rule,
1010,1100075329,STA,Starter Period Weekly Frequency Notice Rule,
1010,1100075330,STA,Starter Period Weekly Frequency Notice Rule,
1010,1100075331,STA,Starter Period Weekly Frequency Notice Rule,
1010,1100075332,STA,Starter Period Weekly Frequency Notice Rule,
1010,1100075334,STA,Starter Period Weekly Frequency Notice Rule,
1010,1100075335,STA,Starter Period Weekly Frequency Notice Rule,
1010,1100075336,ASS,Assured/Secure/SST - Weekly Frequency Notice Rule,
1010,1100075339,STA,Starter Period Weekly Frequency Notice Rule,
1010,1100075341,STA,Starter Period Weekly Frequency Notice Rule,
1010,1100075342,ASS,Assured/Secure/SST - Weekly Frequency Notice Rule,
1010,1100075343,STA,Starter Period Weekly Frequency Notice Rule,
1010,1100075344,STA,Starter Period Weekly Frequency Notice Rule,
1010,1100075345,ASS,Assured/Secure/SST - Weekly Frequency Notice Rule,
1010,1100075346,STA,Starter Period Weekly Frequency Notice Rule,
1010,1100075347,STA,Starter Period Weekly Frequency Notice Rule,
1010,1100075348,STA,Starter Period Weekly Frequency Notice Rule,
1010,1100075349,ASS,Assured/Secure/SST - Weekly Frequency Notice Rule,
1010,1100075350,ASS,Assured/Secure/SST - Weekly Frequency Notice Rule,
1010,1100075351,STA,Starter Period Weekly Frequency Notice Rule,
1010,1100075352,ASS,Assured/Secure/SST - Weekly Frequency Notice Rule,
1010,1100075353,STA,Starter Period Weekly Frequency Notice Rule,
1010,1100075356,ASS,Assured/Secure/SST - Weekly Frequency Notice Rule,
1010,1100075357,ASS,Assured/Secure/SST - Weekly Frequency Notice Rule,
1010,1100075358,ASS,Assured/Secure/SST - Weekly Frequency Notice Rule,
1010,1100075359,ASS,Assured/Secure/SST - Weekly Frequency Notice Rule,
1010,1100075360,ASS,Assured/Secure/SST - Weekly Frequency Notice Rule,
1010,1100075361,STA,Starter Period Weekly Frequency Notice Rule,
1010,1100075362,STA,Starter Period Weekly Frequency Notice Rule,
1010,1100075363,ASS,Assured/Secure/SST - Weekly Frequency Notice Rule,
1010,1100075364,STA,Starter Period Weekly Frequency Notice Rule,
1010,1100075365,STA,Starter Period Weekly Frequency Notice Rule,
1010,1100075366,ASS,Assured/Secure/SST - Weekly Frequency Notice Rule,
1010,1100075367,ASS,Assured/Secure/SST - Weekly Frequency Notice Rule,
1010,1100075368,STA,Starter Period Weekly Frequency Notice Rule,
1010,1100075369,STA,Starter Period Weekly Frequency Notice Rule,
1010,1100075371,ASS,Assured/Secure/SST - Weekly Frequency Notice Rule,
1010,1100075372,STA,Starter Period Weekly Frequency Notice Rule,
1010,1100075373,STA,Starter Period Weekly Frequency Notice Rule,
1010,1100075374,STA,Starter Period Weekly Frequency Notice Rule,
1010,1100075375,STA,Starter Period Weekly Frequency Notice Rule,
1010,1100075376,STA,Starter Period Weekly Frequency Notice Rule,
1010,1100075377,STA,Starter Period Weekly Frequency Notice Rule,
1010,1100075378,STA,Starter Period Weekly Frequency Notice Rule,
1010,1100075380,STA,Starter Period Weekly Frequency Notice Rule,
1010,1100075381,ASS,Assured/Secure/SST - Weekly Frequency Notice Rule,
1010,1100075384,STA,Starter Period Weekly Frequency Notice Rule,
1010,1100075385,STA,Starter Period Weekly Frequency Notice Rule,
1010,1100075386,ASS,Assured/Secure/SST - Weekly Frequency Notice Rule,
1010,1100075387,ASS,Assured/Secure/SST - Weekly Frequency Notice Rule,
1010,1100075388,ASS,Assured/Secure/SST - Weekly Frequency Notice Rule,
1010,1100075389,STA,Starter Period Weekly Frequency Notice Rule,
1010,1100075390,ASS,Assured/Secure/SST - Weekly Frequency Notice Rule,
1010,1100075391,STA,Starter Period Weekly Frequency Notice Rule,
1010,1100075392,STA,Starter Period Weekly Frequency Notice Rule,
1010,1100075395,ASS,Assured/Secure/SST - Weekly Frequency Notice Rule,
1010,1100075396,ASS,Assured/Secure/SST - Weekly Frequency Notice Rule,
1010,1100075398,STA,Starter Period Weekly Frequency Notice Rule,
1010,1100075399,STA,Starter Period Weekly Frequency Notice Rule,
1010,1100075401,STA,Starter Period Weekly Frequency Notice Rule,
1010,1100075402,STA,Starter Period Weekly Frequency Notice Rule,
1010,1100075403,ASS,Assured/Secure/SST - Weekly Frequency Notice Rule,
1010,1100075405,ASS,Assured/Secure/SST - Weekly Frequency Notice Rule,
1010,1100075406,ASS,Assured/Secure/SST - Weekly Frequency Notice Rule,
1010,1100075408,STA,Starter Period Weekly Frequency Notice Rule,
1010,1100075409,ASS,Assured/Secure/SST - Weekly Frequency Notice Rule,
1010,1100075412,STA,Starter Period Weekly Frequency Notice Rule,
1010,1100075414,STA,Starter Period Weekly Frequency Notice Rule,
1010,1100075415,ASS,Assured/Secure/SST - Weekly Frequency Notice Rule,
1010,1100075416,ASS,Assured/Secure/SST - Weekly Frequency Notice Rule,
1010,1100075417,STA,Starter Period Weekly Frequency Notice Rule,
1010,1100075419,STA,Starter Period Weekly Frequency Notice Rule,
1010,1100075420,STA,Starter Period Weekly Frequency Notice Rule,
1010,1100075421,STA,Starter Period Weekly Frequency Notice Rule,
1010,1100075422,STA,Starter Period Weekly Frequency Notice Rule,
1010,1100075423,STA,Starter Period Weekly Frequency Notice Rule,
1010,1100075424,STA,Starter Period Weekly Frequency Notice Rule,
1010,1100075426,ASS,Assured/Secure/SST - Weekly Frequency Notice Rule,
1010,1100075427,STA,Starter Period Weekly Frequency Notice Rule,
1010,1100075431,STA,Starter Period Weekly Frequency Notice Rule,
1010,1100075432,ASS,Assured/Secure/SST - Weekly Frequency Notice Rule,
1010,1100075433,ASS,Assured/Secure/SST - Weekly Frequency Notice Rule,
1010,1100075438,ASS,Assured/Secure/SST - Weekly Frequency Notice Rule,
1010,1100075439,STA,Starter Period Weekly Frequency Notice Rule,
1010,1100075441,STA,Starter Period Weekly Frequency Notice Rule,
1010,1100075443,ASS,Assured/Secure/SST - Weekly Frequency Notice Rule,
1010,1100075444,STA,Starter Period Weekly Frequency Notice Rule,
1010,1100075447,STA,Starter Period Weekly Frequency Notice Rule,
1010,1100075448,ASS,Assured/Secure/SST - Weekly Frequency Notice Rule,
1010,1100075450,STA,Starter Period Weekly Frequency Notice Rule,
1010,1100075451,STA,Starter Period Weekly Frequency Notice Rule,
1010,1100075453,ASS,Assured/Secure/SST - Weekly Frequency Notice Rule,
1010,1100075454,STA,Starter Period Weekly Frequency Notice Rule,
1010,1100075455,ASS,Assured/Secure/SST - Weekly Frequency Notice Rule,
1010,1100075459,STA,Starter Period Weekly Frequency Notice Rule,
1010,1100075460,STA,Starter Period Weekly Frequency Notice Rule,
1010,1100075461,STA,Starter Period Weekly Frequency Notice Rule,
1010,1100075466,ASS,Assured/Secure/SST - Weekly Frequency Notice Rule,
1010,1100075468,STA,Starter Period Weekly Frequency Notice Rule,
1010,1100075469,STA,Starter Period Weekly Frequency Notice Rule,
1010,1100075470,STA,Starter Period Weekly Frequency Notice Rule,
1010,1200008730,AST,AST Notice Rule - 6 Month Contract - Monthly,
1010,1200008731,AST,AST Notice Rule - 6 Month Contract - Monthly,
1010,1200008732,AST,AST Notice Rule - 6 Month Contract - Monthly,
1010,1200008733,AST,AST Notice Rule - 6 Month Contract - Monthly,
1010,1200008734,AST,AST Notice Rule - 6 Month Contract - Monthly,
1010,1200008735,AST,AST Notice Rule - 6 Month Contract - Monthly,
1010,1200008737,AST,AST Notice Rule - 6 Month Contract - Monthly,
1010,1200008739,AST,AST Notice Rule - 6 Month Contract - Monthly,
1010,1200008740,AST,AST Notice Rule - 6 Month Contract - Monthly,
1010,1200008742,AST,AST Notice Rule - 6 Month Contract - Monthly,
1010,1200008743,AST,AST Notice Rule - 6 Month Contract - Monthly,
1010,1200008744,AST,AST Notice Rule - 6 Month Contract - Monthly,
1010,1200008745,AST,AST Notice Rule - 6 Month Contract - Monthly,
1010,1200008747,AST,AST Notice Rule - 6 Month Contract - Monthly,
1010,1200008748,EQU,AST Notice Rule - 6 Month Contract - Monthly,
1010,1200008749,AST,AST Notice Rule - 6 Month Contract - Monthly,
1010,1200008752,AST,AST Notice Rule - 6 Month Contract - Monthly,
1010,1200008753,AST,AST Notice Rule - 6 Month Contract - Monthly,
1010,1200008754,AST,AST Notice Rule - 6 Month Contract - Monthly,
1010,1200008756,EQU,AST Notice Rule - 6 Month Contract - Monthly,
1010,1200008757,AST,AST Notice Rule - 6 Month Contract - Monthly,
1010,1200008758,EQU,AST Notice Rule - 6 Month Contract - Monthly,
1010,1200008759,AST,AST Notice Rule - 6 Month Contract - Monthly,
1010,1500001761,PRL,Protected Licence Notice Rule,
1010,1500001778,PRL,Protected Licence Notice Rule,
1010,1500001781,PRL,Protected Licence Notice Rule,
1010,1500001782,PRL,Protected Licence Notice Rule,
1010,1500001783,PRL,Protected Licence Notice Rule,
1010,1500001784,PRL,Protected Licence Notice Rule,
1010,1600005762,EXL,Excluded Licence Notice Rule,
1010,1600005765,EXL,Excluded Licence Notice Rule,
1010,1600005768,EXL,Excluded Licence Notice Rule,
1010,1600005770,EXL,Excluded Licence Notice Rule,
1010,1600005771,EXL,Excluded Licence Notice Rule,
1010,1600005772,EXL,Excluded Licence Notice Rule,
1010,1600005773,EXL,Excluded Licence Notice Rule,
1010,1600005774,EXL,Excluded Licence Notice Rule,
1010,1600005776,EXL,Excluded Licence Notice Rule,
1010,1600005777,EXL,Excluded Licence Notice Rule,
1010,1600005780,EXL,Excluded Licence Notice Rule,
1010,1600005781,EXL,Excluded Licence Notice Rule,
1010,1600005782,EXL,Excluded Licence Notice Rule,
1010,1600005783,EXL,Excluded Licence Notice Rule,
1010,1600005784,EXL,Excluded Licence Notice Rule,
1010,1600005785,EXL,Excluded Licence Notice Rule,
1010,1600005787,EXL,Excluded Licence Notice Rule,
1010,1600005788,EXL,Excluded Licence Notice Rule,
1010,1600005789,EXL,Excluded Licence Notice Rule,
1010,1600005790,EXL,Excluded Licence Notice Rule,
1010,1600005791,EXL,Excluded Licence Notice Rule,
1010,1600005792,EXL,Excluded Licence Notice Rule,
1010,1600005793,EXL,Excluded Licence Notice Rule,
1010,1600005794,EXL,Excluded Licence Notice Rule,
1010,1600005796,EXL,Excluded Licence Notice Rule,
1010,1600005797,EXL,Excluded Licence Notice Rule,
1010,1600005798,EXL,Excluded Licence Notice Rule,
1010,1600005799,EXL,Excluded Licence Notice Rule,
1010,1600005800,EXL,Excluded Licence Notice Rule,
1010,1600005803,EXL,Excluded Licence Notice Rule,
1010,1600005804,EXL,Excluded Licence Notice Rule,
1010,1600005805,EXL,Excluded Licence Notice Rule,
1010,1600005806,EXL,Excluded Licence Notice Rule,
1010,1600005807,EXL,Excluded Licence Notice Rule,
1010,1600005808,EXL,Excluded Licence Notice Rule,
1010,1600005809,EXL,Excluded Licence Notice Rule,
1010,1600005810,EXL,Excluded Licence Notice Rule,
1010,1600005811,EXL,Excluded Licence Notice Rule,
1010,1600005812,EXL,Excluded Licence Notice Rule,
1010,1600005813,EXL,Excluded Licence Notice Rule,
1010,1600005814,EXL,Excluded Licence Notice Rule,
1010,1600005815,EXL,Excluded Licence Notice Rule,
1010,1600005816,EXL,Excluded Licence Notice Rule,
1010,1600005818,EXL,Excluded Licence Notice Rule,
1010,1600005820,EXL,Excluded Licence Notice Rule,
1010,1600005822,EXL,Excluded Licence Notice Rule,
1010,1600005823,EXL,Excluded Licence Notice Rule,
1010,1600005825,EXL,Excluded Licence Notice Rule,
1010,1600005826,EXL,Excluded Licence Notice Rule,
1010,1600005827,EXL,Excluded Licence Notice Rule,
1010,1600005828,EXL,Excluded Licence Notice Rule,
1010,1600005831,EXL,Excluded Licence Notice Rule,
1010,1600005832,EXL,Excluded Licence Notice Rule,
1010,1600005833,EXL,Excluded Licence Notice Rule,
1010,1600005834,EXL,Excluded Licence Notice Rule,
1010,1600005835,EXL,Excluded Licence Notice Rule,
1010,1600005837,EXL,Excluded Licence Notice Rule,
1010,1600005838,EXL,Excluded Licence Notice Rule,
1010,1600005839,EXL,Excluded Licence Notice Rule,
1010,1600005840,EXL,Excluded Licence Notice Rule,
1010,1600005841,EXL,Excluded Licence Notice Rule,
1010,1600005842,EXL,Excluded Licence Notice Rule,
1010,1600005844,EXL,Excluded Licence Notice Rule,
1010,1600005845,EXL,Excluded Licence Notice Rule,
1010,1600005847,EXL,Excluded Licence Notice Rule,
1010,1600005848,EXL,Excluded Licence Notice Rule,
1010,1600005850,EXL,Excluded Licence Notice Rule,
1010,1600005853,EXL,Excluded Licence Notice Rule,
1010,1600005855,EXL,Excluded Licence Notice Rule,
1010,1600005856,EXL,Excluded Licence Notice Rule,
1010,1600005857,EXL,Excluded Licence Notice Rule,
1010,1600005858,EXL,Excluded Licence Notice Rule,
1010,1600005870,EXL,Excluded Licence Notice Rule,
1020,1100003268,STA,Starter Period Weekly Frequency Notice Rule,
1020,1100003270,STA,Starter Period Weekly Frequency Notice Rule,
1020,1100003271,STA,Starter Period Weekly Frequency Notice Rule,
1020,1100003272,STA,Starter Period Weekly Frequency Notice Rule,
1020,1100003273,ASS,Assured/Secure/SST - Weekly Frequency Notice Rule,
1020,1100003274,STA,Starter Period Weekly Frequency Notice Rule,
1020,1100003275,ASS,Assured/Secure/SST - Weekly Frequency Notice Rule,
1020,1100003276,ASS,Assured/Secure/SST - Weekly Frequency Notice Rule,
1020,1100003277,ASS,Assured/Secure/SST - Weekly Frequency Notice Rule,
1020,1100003278,ASS,Assured/Secure/SST - Weekly Frequency Notice Rule,
1020,1100003279,ASS,Assured/Secure/SST - Weekly Frequency Notice Rule,
1020,1100003280,ASS,Assured/Secure/SST - Weekly Frequency Notice Rule,
1020,1100003281,STA,Starter Period Weekly Frequency Notice Rule,
1020,1100003282,ASS,Assured/Secure/SST - Weekly Frequency Notice Rule,
1020,1100003283,ASS,Assured/Secure/SST - Weekly Frequency Notice Rule,
1020,1100003286,ASS,Assured/Secure/SST - Weekly Frequency Notice Rule,
1020,1100003287,STA,Starter Period Weekly Frequency Notice Rule,
1020,1100003288,STA,Starter Period Weekly Frequency Notice Rule,
1020,1100003289,STA,Starter Period Weekly Frequency Notice Rule,
1020,1100003290,ASS,Assured/Secure/SST - Weekly Frequency Notice Rule,
1020,1100003291,ASS,Assured/Secure/SST - Weekly Frequency Notice Rule,
1020,1100003292,ASS,Assured/Secure/SST - Weekly Frequency Notice Rule,
1020,1100003293,STA,Starter Period Weekly Frequency Notice Rule,
1020,1100003294,STA,Starter Period Weekly Frequency Notice Rule,
1020,1100003295,STA,Starter Period Weekly Frequency Notice Rule,
1020,1100003298,ASS,Assured/Secure/SST - Weekly Frequency Notice Rule,
1020,1100003299,STA,Starter Period Weekly Frequency Notice Rule,
1020,1100003300,STA,Starter Period Weekly Frequency Notice Rule,
1020,1100003301,STA,Starter Period Weekly Frequency Notice Rule,
1020,1100003302,STA,Starter Period Weekly Frequency Notice Rule,
1020,1100003303,STA,Starter Period Weekly Frequency Notice Rule,
1020,1100003304,STA,Starter Period Weekly Frequency Notice Rule,
1020,1100003305,STA,Starter Period Weekly Frequency Notice Rule,
1020,1100003306,STA,Starter Period Weekly Frequency Notice Rule,
1020,1100003307,STA,Starter Period Weekly Frequency Notice Rule,
1020,1100003308,ASS,Assured/Secure/SST - Weekly Frequency Notice Rule,
1020,1100003311,STA,Starter Period Weekly Frequency Notice Rule,
1020,1100003312,ASS,Assured/Secure/SST - Weekly Frequency Notice Rule,
1020,1200000571,AST,AST Notice Rule - 6 Month Contract - Monthly,
1020,1500000626,PRL,Protected Licence Notice Rule,
1020,1500000628,PRL,Protected Licence Notice Rule,
1020,1500000629,PRL,Protected Licence Notice Rule,
1020,1500000631,PRL,Protected Licence Notice Rule,
1020,1600000912,EXL,Excluded Licence Notice Rule,
1020,1600000913,EXL,Excluded Licence Notice Rule,
1020,1600000915,EXL,Excluded Licence Notice Rule,
1020,1600000916,EXL,Excluded Licence Notice Rule,
1020,1600000917,EXL,Excluded Licence Notice Rule,
1020,1600000918,EXL,Excluded Licence Notice Rule,
1020,1600000919,EXL,Excluded Licence Notice Rule,
1020,1600000920,EXL,Excluded Licence Notice Rule,
1020,1600000922,EXL,Excluded Licence Notice Rule,
1020,1600000924,EXL,Excluded Licence Notice Rule,
1020,1600000925,EXL,Excluded Licence Notice Rule,
1020,1600000926,EXL,Excluded Licence Notice Rule,
1020,1600000928,EXL,Excluded Licence Notice Rule,
1020,1600000929,EXL,Excluded Licence Notice Rule,
1020,1600000930,EXL,Excluded Licence Notice Rule,
1020,1600000931,EXL,Excluded Licence Notice Rule,
1020,1600000932,EXL,Excluded Licence Notice Rule,
1020,1600000933,EXL,Excluded Licence Notice Rule,
1020,1600000934,EXL,Excluded Licence Notice Rule,
1020,1600000936,EXL,Excluded Licence Notice Rule,
1020,1600000937,EXL,Excluded Licence Notice Rule,
1020,1600000938,EXL,Excluded Licence Notice Rule,